RYM Album, First Name,Last Name,First Name localized, Last Name localized,Title,Release_Date,Rating,Ownership,Purchase Date,Media Type, Review
13211,,Polish Radio National Symphony Orchestra / London Symphony Orchestra / Krakow Philharmonic Chorus / Krzysztof Penderecki / Wanda Wiłkomirska,,,Matrix 5: Threnody to the Victims of Hiroshima; Canticum canticorum Salomonis; De natura sonoris Nos. 1 &amp; 2,1994,7,n,,,
12121771,,김뜻돌,,Meaningful Stone,꿈에서 걸려온 전화,2020,0,w,,MP3,
1184599,,전자양,,Electron Sheep,Day Is Far Too Long,2001,7,n,,,
9441326,,공중도둑,,Mid-Air Thief,무너지기,2018,8,n,,,
12722099,,파란노을,,Parannoul,To See the Next Part of the Dream,2021,9,n,,,
8703612,,"21 Savage, Offset &amp; Metro Boomin",,,Without Warning,2017,3,n,,,
565162,,302 Acid,,,302 Acid 0005,2005,7,n,,,
5246768,,4 позиции Бруно,,4 Pozitsii Bruno,Я заказан,2014,8,n,,,
8095624,The,7th Plain,,,To Be Surreal,1993,6,n,,,
7007721,,A$AP Ferg,,,New Level,2015,6,n,,,
8293587,,A$AP Mob,,,RAF,2017,6,n,,,
10640563,,A$AP Rocky,,,Praise the Lord (Da Shine),2018,6,n,,,
454894,,Aaron Carl,,,Detrevolution,2005,7,n,,,
2833554,,Aaron Carl,,,Down,1998,5,n,,,
10653543,,Acetantina,,,Blank Fashion Mystical,2019,7,n,,,laughed out loud at some of the samples in here. did a good job at what it was trying to do.
8618959,,Acronym,,,Malm,2017,6,n,,,
5618136,,Action Bronson,,,Mr. Wonderful,2015,3,n,,,
8446657,,AFX,,,Orphans,2017,8,n,,,
8998702,,Against All Logic,,,2012 - 2017,2018,7,n,,,
11090638,,Against All Logic,,,2017 - 2019,2020,7,n,,,
9675307,,AL-90,,,Murmansk-60,2018,5,n,,,
197893,Oren,Ambarchi,,,Grapes From the Estate,2004,5,n,,,
4070281,Oren,Ambarchi,,,Sagittarian Domain,2012,5,n,,,
872223,Gene,Ammons,,,The Twister,1960,7,n,,,
874217,The,Angelic Process,,,Weighing Souls With Sand,2007,5,n,,,
1848760,,Animal Collective,,,Merriweather Post Pavilion,2009,8,n,,,
4813456,,Antwon x Ugly Mane,,,Underwater Tank,2012,6,n,,,
254730,,Aphex Twin,,,Analord 10,2005,6,n,,,
15327186,,Aphex Twin,,,Blackbox Life Recorder 21f / in a room7 F760,2023,6,n,,,
9455316,,Aphex Twin,,,Collapse EP,2018,7,n,,,
9550,,Aphex Twin,,,Come to Daddy,1997,7,n,,,
3017,,Aphex Twin,,,drukqs,2001,6,n,,,
9411,,Aphex Twin,,,...I Care Because You Do,1995,7,n,,,
5053,,Aphex Twin,,,Richard D. James Album,1996,7,n,,,
2590,,Aphex Twin,,,Selected Ambient Works 85-92,1992,7,n,,,
8797,,Aphex Twin,,,Selected Ambient Works Volume II,1994,7,n,,,
5756831,,Aphex Twin,,,Syro,2014,7,n,,,
816259,,Apparat,,,Walls,2007,6,n,,,
15370956,,Armand Hammer,,,We Buy Diabetic Test Strips,2023,0,w,,MP3,
48165,Louis,Armstrong,,,Louis Armstrong Plays W. C. Handy,1954,8,n,,,
26350,Louis,Armstrong and His All-Stars,,,Satch Plays Fats: A Tribute to the Immortal Fats Waller,1955,7,n,,,
15241605,,a.s.o.,,,a.s.o.,2023,7,n,,,
281440,,Asunder,,,A Clarion Call,2004,7,n,,,
298462,Juan,Atkins,,,The Berlin Sessions,2005,7,n,,,
8280405,Shinichi,Atobe,,,"From the Heart, It's a Start, a Work of Art",2017,8,n,,,
9541722,Shinichi,Atobe,,,Heat,2018,9,n,,,
14228459,Shinichi,Atobe,,,Love of Plastic,2022,7,n,,,
548262,Shinichi,Atobe,,,Ship-Scope / Plug and Delay / Rainstick / The Red Line,2001,8,n,,,
7493178,Shinichi,Atobe,,,World,2016,5,n,,,
11745283,Shinichi,Atobe,,,Yes,2020,8,n,,,
3825,,Autechre,,,Amber,1994,9,n,,,"bumping this for a new rating because every time i listen to it, i enjoy it more."
3838,,Autechre,,,Autechre [LP5],1998,5,n,,,
3831,,Autechre,,,Chiastic Slide,1997,7,n,,,
3841,,Autechre,,,Confield,2001,7,n,,,
46743,,Autechre,,,Draft 7.30,2003,6,n,,,
34110,,Autechre,,,Garbage,1995,7,n,,,
3824,,Autechre,,,Incunabula,1993,8,n,,,
1189812,,Autechre,,,Quaristice,2008,8,n,,,[b]The feeling of being shrunk onto a circuit board and hopping from component to component.[/b]
125809,,Autechre,,,Tri repetae,1995,8,n,,,
2611,The,Avalanches,,,Since I Left You,2000,6,n,,,
8921166,Daniel,Avery,,,Song for Alpha,2018,7,n,,,
53496,Roy,Ayers Ubiquity,,,Vibrations,1976,8,n,,,
339706,Albert,Ayler Quartet,,,Ghosts,1965,7,n,,,
17775,Albert,Ayler Trio,,,Spiritual Unity,1965,6,n,,,
275766,,Azazel,,,Ride Through the Horizon,2000,2,n,,,
133797,Angelo,Badalamenti,,,Twin Peaks,1990,8,n,,,
101985,,Basic Channel,,,BCD,1995,7,n,,,
1580351,,Basic Channel,,,BCD-2,2008,6,n,,,
628424,,Basic Channel,,,Phylyps Trak,1993,6,n,,,
240914,William,Basinski,,,The Disintegration Loops,2002,5,n,,,
285966,William,Basinski,,,The Disintegration Loops II,2003,7,n,,,
285968,William,Basinski,,,The Disintegration Loops III,2003,6,n,,,
285971,William,Basinski,,,The Disintegration Loops IV,2003,6,n,,,
4114,,Bathory,,,Blood Fire Death,1988,6,n,,,
4115,,Bathory,,,Hammerheart,1990,5,n,,,
12836810,Jon,Batiste,,,We Are,2021,6,w,,MP3,
496,,Bauhaus,,,In the Flat Field,1980,6,n,,,
63,The,Beach Boys,,,Pet Sounds,1966,6,n,,,
3888174,,Beach House,,,Bloom,2012,6,n,,,
6475,George,Benson,,,Give Me the Night,1980,8,n,,,
1039131,,Berliner Philharmoniker / Herbert von Karajan,,,IX. Symphonie,1963,9,n,,,
8637591,,Big K.R.I.T.,,,4eva Is a Mighty Long Time,2017,5,n,,,
18864,,Biosphere,,,Substrata,1997,7,n,,,
882,,Björk,,,Homogenic,1997,7,n,,,
880,,Björk,,,Post,1995,6,n,,,
2438,,Björk,,,Vespertine,2001,6,n,,,
9409,The,Black Dog,,,Spanners,1995,8,n,,,
25059,,Black Dog Productions,,,Bytes,1993,7,n,,,
7690218,,Black Kray,,,Crack Cloud$ Over Arts Kitchen,2013,8,n,,,
6308297,,Black Kray (Lil Rari),,,Thug Angel,2015,6,n,,,
1846286,,Blackout,,,Dreamworld,1995,6,n,,,
2276,,Black Sabbath,,,Paranoid,1970,9,n,,,
39894,,Black Tambourine,,,Complete Recordings,1999,7,n,,,
11692,Art,Blakey and The Jazz Messengers,,,Art Blakey and The Jazz Messengers [Moanin'],1959,7,n,,,
6239303,,Blanck Mass,,,Dumb Flesh,2015,7,n,,,
8041644,,Blanck Mass,,,Silent Treatment,2017,6,n,,,
4160400,,Blank Banshee,,,Blank Banshee 0,2012,4,n,,,
4931157,,Blank Banshee,,,Blank Banshee 1,2013,3,n,,,
22262,,Blut aus Nord,,,Memoria Vetusta I: Fathers of the Icy Age,1996,6,n,,,
1330328,,Blut aus Nord,,,Memoria Vetusta II: Dialogue With the Stars,2009,5,n,,,
78011,,Blut aus Nord,,,The Work Which Transforms God,2003,6,n,,,
22261,,Blut aus Nord,,,Ultima Thulée,1995,7,n,,,
136643,,Boards of Canada,,,A Few Old Tunes,1996,7,n,,,
72927,,Boards of Canada,,,Aquarius / Chinook,1998,8,n,,,
141406,,Boards of Canada,,,Boc Maxima,1996,8,n,,,
5687,,Boards of Canada,,,Geogaddi,2002,7,n,,,
21207,,Boards of Canada,,,Hi Scores,1999,6,n,,,
27232,,Boards of Canada,,,In a Beautiful Place Out in the Country,2000,6,n,,,
2591,,Boards of Canada,,,Music Has the Right to Children,1998,6,n,,,
136645,,Boards of Canada,,,Old Tunes Vol. 2,1996,7,n,,,
358836,,Boards of Canada,,,The Campfire Headphase,2005,9,n,,,
27971,,Boards of Canada,,,Twoism,1995,8,n,,,
97717,The,Books,,,The Lemon of Pink,2003,8,n,,,rate this 4 becuase my fren d told me 2
30982,The,Books,,,Thought for Food,2002,7,n,,,
13394,,Boredoms,,,Vision Creation Newsun,1999,6,n,,,
114126,,Boris,,,Absolutego,1996,8,n,,,
43264,,Boris,,,Amplifier Worship,1998,7,n,,,
124756,,Boris,,,Boris at Last -Feedbacker-,2003,7,o,,LP,
124755,,Boris,,,Flood,2000,6,n,,,
43265,,Boris,,,Heavy Rocks,2002,6,n,,,
5592540,,Botanist,,,VI: Flora,2014,7,n,,,
13058018,Pi'erre,Bourne,,,The Life of Pi'erre 5,2021,8,n,,,
25422,,Bowery Electric,,,Beat,1996,5,n,,,
623,David,Bowie,,,The Rise and Fall of Ziggy Stardust and the Spiders From Mars,1972,8,n,,,
227,Edie,Brickell &amp; New Bohemians,,,Shooting Rubberbands at the Stars,1988,0,w,,LP,
477173,Aril,Brikha,,,Deeparture in Time,2000,6,n,,,
53,,Broadcast,,,The Noise Made by People,2000,7,n,,,
8256417,,BROCKHAMPTON,,,Saturation,2017,7,n,,,
8344759,,BROCKHAMPTON,,,Saturation II,2017,6,n,,,
8527774,,BROCKHAMPTON,,,Saturation III,2017,5,n,,,
7548871,Danny,Brown,,,Atrocity Exhibition,2016,6,n,,,
6555207,,bsd.u,,,[Late Night Bumps],2013,7,n,,,
66977,Harold,Budd,,,The White Arcades,1988,6,n,,,
66032,Harold,Budd / Brian Eno,,,Ambient 2: The Plateaux of Mirror,1980,7,n,,,
13308832,The,Bug,,,Fire,2021,4,n,,,
2615,,Built to Spill,,,Perfect From Now On,1997,5,n,,,
144800,,Burger / Ink,,,[Las Vegas],1998,8,n,,,
6074199,,Burqa Boyz,,,Miami Arab Emirates,2012,8,n,,,
8729609,,Burqa Boyz,,,أسلحة ضخ جاف حدب,2017,8,n,,,
4008,,Burzum,,,Burzum,1992,7,n,,,
4011,,Burzum,,,Det som engang var,1993,7,o,,LP,
4014,,Burzum,,,Filosofem,1996,9,n,,,
4012,,Burzum,,,Hvis lyset tar oss,1994,6,n,,,
2216123,,Busdriver,,,Jhelli Beam,2009,6,n,,,
3137,Kate,Bush,,,Hounds of Love,1985,6,n,,,
2162,The,Byrds,,,Mr. Tambourine Man,1965,0,w,,LP,
3377949,,C418,,,Minecraft: Volume Alpha,2011,7,n,,,
231,,Can,,,Ege Bamyası,1972,7,n,,,
6156,,Can,,,Tago Mago,1971,8,n,,,
147973,Nuno,Canavarro,,,Plux Quba,1988,9,n,,,Brings you back to the good ole days.
4578738,,Candy Claws,,,Ceres &amp; Calypso in the Deep Time,2013,6,n,,,
8800,,Cannibal Ox,,,The Cold Vein,2001,4,n,,,
3098736,Jefre,Cantu-Ledesma,,,Love Is a Stream,2010,7,n,,,
9143844,,Cardi B,,,Drip,2018,4,n,,,lulz rip sample
9119826,,Cardi B,,,Invasion of Privacy,2018,3,n,,,
11849476,,Cardi B,,,WAP,2020,4,n,,,
9178690,,"Cardi B, Bad Bunny &amp; J Balvin",,,I Like It,2018,3,n,,,This song gives me terrible flashbacks to when i had to ride in this truck for an hour a day and all the dude would play is tracks playing on the radio and this song was played pretty much once every 15 minutes and it made me want to jump out of the window so basically not that this is a terrible song even though it is it's just that i don't want to hear this song ever again this run-on sentence is meant to convey the type of feeling i receive from this song.
15305112,Ken,Carson,,,A Great Chaos,2023,4,n,,,
41142,,Casino Versus Japan,,,Go Hawaii,2000,8,n,,,
133192,,Casino Versus Japan,,,Hitori + Kaiso 1998-2001,2004,6,n,,,
9950218,,Celer,,,Xièxie,2019,8,n,,,
370168,,Cex,,,Cells,1998,5,n,,,
13271334,Kerri,Chandler,,,The Other Thing for Linda,2004,6,n,,,
33498,Ray,Charles,,,Doing His Thing,1969,5,n,,,
15723703,,Charli XCX,,,Brat,2024,8,n,,,
134046,Don,Cherry,,,Complete Communion,1966,7,n,,,
143533,Don,Cherry,,,Don Cherry,1977,7,n,,,
3985963,,Chief Keef,,,I Don't Like,2012,8,n,,,
4231847,,Chief Keef,,,Love Sosa,2012,10,n,,,
8395800,,Chief Keef,,,Save Me,2014,8,n,,,
2377113,Jun Chiki,Chikuma,,,ボンバーマンヒーロー,1998,6,n,,,
5225802,,Chimurenga Renaissance,,,riZe vadZimu riZe,2014,4,n,,,
3118512,,Chuck Person,,,Chuck Person's Eccojams Vol. 1,2010,5,n,,,
6786555,,Cindy Lee,,,Act of Tenderness,2015,8,n,,,
2301798,,Clark,,,Totems Flare,2009,6,n,,,
381036,,Clipse,,,Hell Hath No Fury,2006,6,n,,,
22373,,Clipse,,,Lord Willin',2002,6,n,,,
11577,,Clock DVA,,,Buried Dreams,1989,6,n,,,
28458,,cLOUDDEAD,,,cLOUDDEAD,2001,5,n,,,
1178,,Cocteau Twins,,,Blue Bell Knoll,1988,7,n,,,
1179,,Cocteau Twins,,,Heaven or Las Vegas,1990,5,n,,,
1175,,Cocteau Twins,,,Treasure,1984,6,n,,,
3120,Leonard,Cohen,,,Songs of Leonard Cohen,1967,8,n,,,
4227,,Coil,,,Horse Rotorvator,1986,7,n,,,
4235,,Coil,,,Musick to Play in the Dark,1999,8,n,,,
442105,,Coil,,,The Ape of Naples,2005,6,n,,,
20814,Ornette,Coleman,,,Science Fiction,1972,8,n,,,
11218,Ornette,Coleman,,,The Shape of Jazz to Come,1959,7,n,,,
11217,The Ornette,Coleman Double Quartet,,,Free Jazz,1961,6,n,,,
28671,The Ornette,Coleman Quartet,,,Ornette!,1962,8,n,,,
28670,The Ornette,Coleman Quartet,,,This Is Our Music,1961,6,n,,,
10702,John,Coltrane,,,A Love Supreme,1965,7,n,,,
3429,John,Coltrane,,,Ascension [Edition I],1966,6,n,,,
6116,John,Coltrane,,,Blue Train,1958,7,n,,,
10701,John,Coltrane,,,Giant Steps,1960,7,n,,,
11392,John,Coltrane,,,My Favorite Things,1961,8,n,,,
14798,Alice,Coltrane featuring Pharoah Sanders,,,Journey in Satchidananda,1971,0,w,,LP,
33650,,Comptons Most Wanted,,,Music to Driveby,1992,0,w,,CD,
4052,,Comus,,,First Utterance,1971,6,n,,,
49398,The,Congos,,,Heart of The Congos,1977,7,n,,,
5555385,A.G.,Cook,,,Beautiful,2014,5,n,,,
410388,,Corrupted,,,El mundo frio,2005,5,n,,,
196668,,Corrupted,,,Paso inferior,1997,7,n,,,
164611,,Corrupted,,,Se hace por los suenos asesinos,2004,8,n,,,
155853,Bill,Cosby,,,Talks to Kids About Drugs,1971,5,n,,,
140541,Carl,Craig,,,Landcruising,1995,7,n,,,
12569,Carl,Craig,,,More Songs About Food and Revolutionary Art,1997,7,n,,,
1418,,Crass,,,Stations of the Crass,1979,7,n,,,
774858,,Crass,,,The Feeding of the Five Thousand,1979,6,n,,,
3608,Julee,Cruise,,,Floating Into the Night,1989,8,w,,CD,
320,The,Cure,,,Pornography,1982,7,n,,,
6314031,Denzel,Curry,,,32 Zel / Planet Shrooms,2015,6,n,,,
7129983,Denzel,Curry,,,Imperial,2016,7,n,,,
11866817,Denzel,Curry,,,Melt My Eyez See Your Future,2022,7,n,,,
4638370,Denzel,Curry,,,Nostalgic 64,2013,6,n,,,
7753946,Denzel,Curry,,,TA13OO,2018,8,n,,,
9088037,,cv313,,,Analogue Oceans,2018,5,n,,,
38147,,Cybotron,,,Enter,1983,5,n,,,
2863,,Daft Punk,,,Discovery,2001,5,n,,,
206648,,Dälek,,,Absence,2005,5,n,,,
29000,,Dälek,,,From Filthy Tongue of Gods and Griots,2002,5,n,,,
4945034,Jay,Daniel,,,Scorpio Rising EP,2013,5,n,,,
1406397,,Darkspace,,,Dark Space III,2008,7,n,,,
4000,,Darkthrone,,,A Blaze in the Northern Sky,1992,7,n,,,
4003,,Darkthrone,,,Panzerfaust,1995,7,n,,,
4002,,Darkthrone,,,Transilvanian Hunger,1994,6,n,,,
4001,,Darkthrone,,,Under a Funeral Moon,1993,6,n,,,
447692,Wolfgang,Dauner,,,Free Action,1967,7,n,,,
10403,Miles,Davis,,,Agharta,1975,8,n,,,
4588,Miles,Davis,,,Bitches Brew,1970,6,n,,,
13532,Miles,Davis,,,Get Up With It,1974,8,n,,,
10394,Miles,Davis,,,In a Silent Way,1969,8,n,,,
2571,Miles,Davis,,,Kind of Blue,1959,7,n,,,
10393,Miles,Davis,,,Live-Evil,1971,8,n,,,
5885,Miles,Davis,,,Milestones,1958,6,n,,,
2267524,,deadmau5 + Kaskade,,,I Remember,2008,8,n,,,
302583,,Death Cab for Cutie,,,Plans,2005,0,w,,CD,
68466,,Death Cab for Cutie,,,Transatlanticism,2003,6,n,,,
6847528,,Death Grips,,,Bottomless Pit,2016,4,n,,,
3455169,,Death Grips,,,Exmilitary,2011,7,n,,,
6116526,,Death Grips,,,Fashion Week,2015,6,n,,,
4995082,,Death Grips,,,Government Plates,2013,4,n,,,
7522584,,Death Grips,,,Jenny Death: The Powers That B Disc 2,2015,6,n,,,
5566739,,Death Grips,,,Niggas on the Moon: The Powers That B Disc 1,2014,6,n,,,
3892103,,Death Grips,,,No Love Deep Web,2012,6,n,,,
3892102,,Death Grips,,,The Money Store,2012,7,o,,LP,
5901535,,Death Grips,,,The Powers That B,2015,7,n,,,
9105913,,Death Grips,,,Year of the Snitch,2018,7,n,,,
3088389,,Deathspell Omega,,,Paracletus,2010,7,n,,,
9374388,,Deepchord,,,Immersions,2018,6,n,,,
4064271,,Deepchord,,,Sommer,2012,6,n,,,
2828068,,Deepchord Presents Echospace,,,Liumin,2010,6,n,,,I don't like the second disc as much
1005376,,Deepchord Presents Echospace,,,The Coldest Season,2007,6,n,,,
2962,,Deftones,,,Around the Fur,1997,7,n,,,
1946,,Deftones,,,White Pony,2000,8,n,,,
15033484,Lana,Del Rey,,,Did You Know That There's a Tunnel Under Ocean Blvd,2023,8,n,,,
9574303,Lana,Del Rey,,,Norman Fucking Rockwell!,2019,7,n,,,
9858,,Deltron 3030,,,Deltron 3030,2000,5,n,,,
595791,,Depeche Mode,,,Black Celebration,1986,6,n,,,
413190,,Depeche Mode,,,Music for the Masses,1987,8,n,,,
602,,Depeche Mode,,,Violator,1990,7,n,,,
3360383,,Depressive Silence,,,Depressive Silence [II],1996,6,n,,,
2401239,,Desire,,,II,2009,6,n,,,
19392,,Dissection,,,Storm of the Light's Bane,1995,6,n,,,
9137147,,DJ Healer,,,Nothing 2 Loose,2018,6,n,,,
15300622,,DJ Mell G,,,Issues,2023,5,n,,,
10769364,,DJ Nigga Fox,,,Cartas na manga,2019,7,n,,,
1252603,,D.J. Paul &amp; Juicy &#34;J&#34;,,,(Part. 3) Spring Mix '95,1995,8,n,,,
1252627,,DJ Paul &amp; Lord Infamous,,,Come W/ Me 2 Hell,1993,5,n,,,
15481545,,DJ Ramon Sucesso,,,Sexta dos crias,2023,0,w,,LP,
6726887,,DJ Richard,,,Grind,2015,6,n,,,
526284,,DJ Screw,,,3 'n the Mornin': Part One,1995,7,n,,,
324157,,DJ Screw,,,3 'n the Mornin': Part Two [Blue],1995,6,n,,,
726652,,DJ Screw,,,Bigtyme Vol II: All Screwed Up,1995,8,n,,,
8065048,,DJ Screw,,,Chapter 026: Blowin' Big Behind Tint,2004,7,n,,,
8065071,,DJ Screw,,,Chapter 027: Plots &amp; Schemes,2004,8,n,,,
3235280,,DJ Screw,,,Chapter 119: No Drank,2005,8,o,,MP3,
2552554,,DJ Screw,,,Chapter 137 - Blue 22,1999,7,n,,,
8904864,,DJ Screw,,,Chapter 275 - Screw Dub,1995,6,n,,,
551206,,DJ Screw,,,Codeine Fiend,1995,6,o,,MP3,
2242279,,DJ Screw,,,Endonesia,1997,8,n,,,
1547541,,DJ Screw,,,June 27th,1996,8,n,,,
1547378,,DJ Screw,,,Late Night Fuckin Yo Bitch,1995,7,n,,,
3925274,,DJ Screw,,,Old School,1994,6,o,,MP3,
1547360,,DJ Screw,,,Wineberry Over Gold,1995,8,o,,MP3,
2612,,DJ Shadow,,,Endtroducing.....,1996,7,n,,,
7304793,,DJ Shadow,,,The Mountain Will Fall,2016,6,n,,,
17500,Eric,Dolphy,,,Out There,1961,7,n,,,
17499,Eric,Dolphy,,,Out to Lunch,1964,6,n,,,
791562,Eric,Dolphy Quintet,,,Outward Bound,1960,6,n,,,
178312,,Do or Die,,,Picture This,1996,0,w,,CD,
3065863,Donato,Dozzy,,,K,2010,6,n,,,
40403,,Drexciya,,,Neptune's Lair,1999,7,n,,,
467961,,Drudkh,,,Кров у наших криницях,2006,6,n,,,
32863,,Earth,,,Earth 2: Special Low Frequency Version,1993,6,n,,,
324245,,Eastern Rebellion,,,Eastern Rebellion,1976,8,n,,,
500920,Julius,Eastman,,,Unjust Malaise,2005,5,n,,,
6892630,The,Egyptian Lover,,,1984,2015,6,n,,,
246365,The,Egyptian Lover,,,"Egypt, Egypt / And My Beat Goes Boom / What Is a DJ If He Can't Scratch",1984,7,n,,,
127099,,Eightball &amp; MJG,,,On Top of the World,1995,5,n,,,
14030,,Electric Wizard,,,Dopethrone,2000,7,n,,,
11659,Duke,Ellington,,,Ellington at Newport,1956,7,n,,,
662875,Duke,Ellington's Spacemen,,,The Cosmic Scene,1958,9,n,,,
20847,Duke,Ellington &amp; John Coltrane,,,Duke Ellington &amp; John Coltrane,1963,6,n,,,
7501449,,Eluvium,,,False Readings On,2016,5,n,,,
926895,,Emancipator,,,Soon It Will Be Cold Enough,2006,4,n,,,
4194,,Emperor,,,Anthems to the Welkin at Dusk,1997,6,n,,,
4193,,Emperor,,,In the Nightside Eclipse,1994,6,n,,,
120682,,Emperor / Enslaved,,,Emperor / Hordanes Land,1993,5,n,,,
706,,Eno,,,Another Green World,1975,6,n,,,
243,Brian,Eno,,,Ambient 1: Music for Airports,1978,7,n,,,
23442,Brian,Eno,,,Thursday Afternoon,1985,8,n,,,
16935,,Exuma,,,Exuma,1970,6,n,,,
61016,John,Fahey,,,Fare Forward Voyagers (Soldier's Choice),1973,5,n,,,
6210,,Faust,,,Faust IV,1973,6,n,,,
9921410,,Fennesz,,,Agora,2019,8,n,,,
16096,,Fennesz,,,Endless Summer,2001,8,o,,MP3,
81644,,Fennesz,,,Venice,2004,7,n,,,
4694553,The,Field,,,Cupid's Head,2013,7,n,,,
796730,The,Field,,,From Here We Go Sublime,2007,4,n,,,
9428495,The,Field,,,Infinite Moment,2018,6,n,,,
7131575,The,Field,,,The Follower,2016,6,n,,,
1279559,,Fieldtriqp,,,Old Haunts,2006,7,n,,,
964277,,Fishmans,,,98.12.28 男達の別れ,1999,6,n,,,
453563,,Fishmans,,,LONG SEASON,1996,6,n,,,
453567,,Fishmans,,,宇宙 日本 世田谷,1997,5,n,,,
4562,Ella,Fitzgerald &amp; Louis Armstrong,,,Ella and Louis,1956,8,n,,,
14943752,,Fleshwater,,,We're Not Here to Be Loved,2022,7,n,,,
70448,,Fleurety,,,Min tid skal komme,1995,4,n,,,
10596058,,Floating Points,,,Crush,2019,4,n,,,
2665585,,Flying Lotus,,,Cosmogramma,2010,5,n,,,
3898070,,Flying Lotus,,,Until the Quiet Comes,2012,7,n,,,
306749,Henry,Flynt,,,You Are My Everlovin / Celestial Power,1986,6,o,,MP3,
10718112,,Foresteppe,,,Karaul,2019,0,w,,MP3,
4644614,,Foresteppe,,,No Time to Hurry,2013,9,n,,,
8174457,,Forest Swords,,,Compassion,2017,4,n,,,
781756,,Forteresse,,,Métal noir québécois,2006,5,n,,,
2777,,Four Tet,,,Pause,2001,7,n,,,
56988,,Four Tet,,,Rounds,2003,7,n,,,
147881,,FUSE,,,Dimension Intrusion,1993,6,n,,,
47142,,Gang Starr,,,Moment of Truth,1998,0,w,,CD,
47143,,Gang Starr,,,Step in the Arena,1991,0,w,,CD,
13776908,,GAS,,,Der lange Marsch,2021,7,n,,,
196261,,GAS,,,GAS,1996,6,o,,MP3,
123665,,GAS,,,Königsforst,1998,7,n,,,
196262,,GAS,,,Modern,1995,6,n,,,
1478349,,GAS,,,Nah und fern,2008,8,n,,,
8141488,,GAS,,,Narkopop,2017,8,n,,,
196263,,GAS,,,Oktember,1999,7,n,,,
40477,,GAS,,,Pop,2000,6,n,,,.
9096514,,GAS,,,Rausch,2018,7,n,,,
107384,,GAS,,,Zauberberg,1998,7,n,,,
11646857,,GAS,,,Zeit,2020,8,n,,,
8413,Marvin,Gaye,,,"Here, My Dear",1978,8,o,,LP,
5892,Marvin,Gaye,,,What's Going On,1971,7,n,,,
25863,Dizzy,"Gillespie, Sonny Stitt &amp; Sonny Rollins",,,Sonny Side Up,1959,6,n,,,
28460,,Global Communication,,,76:14,1994,7,n,,,
2203824,,Gnaw Their Tongues,,,Die Mutter wählt das Todtenkleidchen,2009,7,n,,,
2308523,,Gnaw Their Tongues,,,"Rend Each Other Like Wild Beasts, Till Earth Shall Reek With Midnight Massacre",2009,8,n,,,
450392,,Godspeed You Black Emperor!,,,F♯A♯∞,1997,7,o,,LP,
2440,,Godspeed You Black Emperor!,,,F♯A♯∞,1998,6,n,,,
2602,,Godspeed You Black Emperor!,,,Lift Yr. Skinny Fists Like Antennas to Heaven!,2000,6,n,,,
24752,,Godspeed You! Black Emperor,,,Yanqui U.X.O.,2002,4,n,,,
42170,,Goldfrapp,,,Black Cherry,2003,6,n,,,
3693,,Goldfrapp,,,Felt Mountain,2000,8,n,,,
6394417,,공중도덕 [Gongjoong Doduk],,,공중도덕,2015,6,n,,,
27672,,Goodie Mob,,,Soul Food,1995,6,n,,,
40319,,Gorguts,,,Considered Dead,1991,6,n,,,
2729404,,Graveyard Productions,,,The Havoc,1995,6,n,,,
50262,,Gridlock,,,Trace,2001,5,n,,,
12409640,,Grima,,,Rotten Garden,2021,7,n,,,
3408861,,Grouper,,,A I A: Alien Observer,2011,5,n,,,
353041,,Guerilla Maab,,,Rise,1999,6,n,,,
9849907,Kyle,Hall,,,Kyle Hall B2B Jay Daniel - Fundamentals Live @ Marble Bar Detroit,2018,8,n,,,
41068,Herbie,Hancock,,,Flood,1975,7,n,,,
4597,Herbie,Hancock,,,Head Hunters,1973,7,n,,,
13935,Herbie,Hancock,,,Sextant,1973,6,n,,,
14256033,,Hatchie,,,Giving the World Away,2022,6,n,,,
1206880,,Have a Nice Life,,,Deathconsciousness,2008,6,n,,,
1875637,Tim,Hecker,,,An Imaginary Country,2009,7,n,,,
626992,Tim,Hecker,,,Harmony in Ultraviolet,2006,6,n,,,
188302,Tim,Hecker,,,Mirages,2004,8,n,,,
53577,Tim,Hecker,,,Radio Amor,2003,7,n,,,
3208874,Tim,Hecker,,,"Ravedeath, 1972",2011,7,n,,,
4648303,Tim,Hecker,,,Virgins,2013,6,n,,,
73165,Eddie,Henderson,,,Realization,1973,8,n,,,
15291300,,HiTech,,,DÉTWAT,2023,6,n,,,
14865156,,HiTech,,,Hi Tech,2022,7,n,,,
139952,Robert,Hood,,,Internal Empire,1994,6,n,,,
237408,Robert,Hood,,,Nighttime World Volume 1,1995,7,n,,,
4452557,Jon,Hopkins,,,Immunity,2013,7,n,,,
6090003,,Hopsin,,,Pound Syndrome,2015,1,n,,,
16156769,,horsegiirL,,,V.I.P. - Very Important Pony,2025,5,w,,MP3,
8288996,,Hot Freaks,,,Hot Freaks,2013,7,n,,,
4900,,Hum,,,Downward Is Heavenward,1998,0,w,,Other,
410331,Ryoji,Ikeda,,,Dataplex,2005,7,n,,,
38636,,Immortal,,,At the Heart of Winter,1999,4,n,,,
2252762,,Infinite Scale,,,Ad Infinitum,2009,6,n,,,
249212,,Infinite Scale,,,Sound Sensor,2005,6,n,,,
507381,,Inoyama Land,,,Danzindan-Pojidon,1983,5,n,,,
165902,,Interpol,,,Antics,2004,6,n,,,
17997,,Interpol,,,Turn on the Bright Lights,2002,7,n,,,
4568885,,Ishome,,,Confession,2013,6,n,,,
9484166,,It Looks Sad.,,,Sky Lake,2018,0,w,,MP3,
3225786,Nicolás,Jaar,,,Space Is Only Noise,2011,7,n,,,soem-guy-breathing-in-your-ear ASMR
328222,Ahmad,Jamal,,,Chamber Music of the New Jazz,1956,6,n,,,
398852,,J Dilla,,,Donuts,2006,7,n,,,
667548,Geir,Jenssen,,,Cho Oyu 8201m: Field Recordings From Tibet,2006,0,w,,CD,
660204,,Jesu,,,Conqueror,2007,6,n,,,
227238,,Jesu,,,Jesu,2004,6,n,,,
554133,,Jigen,,,Stone Drum Avantgardism - to Fun of Avantgardism Spirits,1998,0,w,,CD,
11423343,,Jockstrap,,,Wicked City,2020,8,n,,,
9598399,,John F.M.,,,Where My Roots Lie,2015,6,n,,,
544,,Joy Division,,,Unknown Pleasures,1979,5,n,,,
10596352,,JPEGMAFIA,,,All My Heroes Are Cornballs,2019,6,n,,,"pretty good, plebs."
15165166,,JPEGMAFIA &amp; Danny Brown,,,Scaring the Hoes,2023,8,n,,,
1530295,,Juicy (Juice Manne) Jay,,,Vol. 9mm &#34;It's On&#34;,1994,8,n,,,love the interlogues
658267,,Justice,,,† [Cross],2007,4,n,,,
7421753,,Jute Gyte,,,Perdurance,2016,3,n,,,
6059892,,K15,,,Insecurities,2014,5,n,,,
592521,Roland,Kayn,,,Tektra,1984,0,w,,,
8243448,,Kettenkarussell,,,Insecurity Guard,2017,5,n,,,
9186703,,KIDS SEE GHOSTS,,,KIDS SEE GHOSTS,2018,5,n,,,
2328,,King Crimson,,,In the Court of the Crimson King,1969,8,n,,,
335638,,Kingpin Skinny Pimp,,,King of da Playaz Ball,1996,6,n,,,
126469,Richard H.,Kirk,,,Virtual State,1994,8,n,,,splendid especially track 3
14207,The,KLF,,,Chill Out,1990,8,n,,,
11800396,,KMRU,,,Peel,2020,8,n,,,
474362,The,Knife,,,Silent Shout,2006,6,n,,,
833844,Frankie,Knuckles,,,Baby Wants to Ride / Your Love,1987,8,n,,,
95902,Frankie,Knuckles,,,The Whistle Song,1991,6,n,,,
337050,,Koopsta Knicca,,,Da Devil's Playground: Underground Solo,1999,4,n,,,
5481,,Kraftwerk,,,Autobahn,1974,7,n,,,fun fun fun on the autoabahn :^)))) how to say in german... ME LEIK!
51445,,Kraftwerk,,,Computerwelt,1981,7,n,,,
51446,,Kraftwerk,,,Die Mensch-Maschine,1978,7,n,,,
52915,,Kraftwerk,,,Trans Europa Express,1977,6,n,,,
497164,,Kreem,,,Triangle of Love,1986,6,n,,,
14077,,Kyuss,,,Kyuss [Welcome to Sky Valley],1994,4,n,,,
12519859,,Lake Haze,,,Sun Rising on Concrete Landscapes,2021,7,n,,,
3597082,Kendrick,Lamar,,,"good kid, m.A.A.d city",2012,7,n,,,
14687591,Kendrick,Lamar,,,Mr. Morale &amp; The Big Steppers,2022,5,n,,,
6286502,Kendrick,Lamar,,,To Pimp a Butterfly,2015,6,n,,,
194597,Kenny,Larkin,,,Azimuth,1994,8,n,,,
270935,Kenny,Larkin,,,Loop 2,1996,0,w,,CD,
4949030,,Legowelt,,,Crystal Cult 2080,2014,8,n,,,
9551565,,Lil Baby &amp; Gunna,,,Drip Too Hard,2018,5,n,,,
5552690,,Lil Ugly Mane,,,Absence of Shitperson,2014,7,n,,,
3805982,,Lil Ugly Mane,,,Mista Thug Isolation,2012,7,n,,,
5082240,,Lil Ugly Mane,,,Oblivion Access,2015,8,n,,,
4790372,,Lil Ugly Mane,,,Prelude to Panopticon: &#34;On Doing an Evil Deed Blues&#34;,2013,6,n,,,
15185782,,Lil Ugly Mane,,,Singles,2023,7,n,,,
5940659,,Lil Ugly Mane,,,The Weeping Worm,2014,6,n,,,
6432007,,Lil Ugly Mane,,,Third Side of Tape,2015,6,n,,,
4719302,,Lil Ugly Mane,,,Three Sided Tape Volume One,2013,7,n,,,
4732821,,Lil Ugly Mane,,,Three Sided Tape Volume Two,2013,6,n,,,
3462473,,Lil Ugly Mane,,,U Aint From My Hood,2011,7,n,,,
4239876,,Lil Ugly Mane,,,Uneven Compromise,2012,7,n,,,
13800737,,Lil Ugly Mane,,,Volcanic Bird Enemy and the Voiced Concern,2021,8,n,,,
7853875,,Lil Uzi Vert,,,Finessin Hearts,2015,5,n,,,
723674,,Lil Wayne,,,Tha Carter III,2008,5,n,,,
10891549,Dua,Lipa,,,Future Nostalgia,2020,6,n,,,
7676049,,Loscil,,,Monument Builders,2016,6,n,,,
2898100,A,Lost People,,,Big Booty Bitches,2010,10,n,,,
1277,,Love,,,Forever Changes,1967,6,n,,,
7433445,,Lunar Womb,,,The Sleeping Green,2016,7,n,,,
2347961,,Lusine,,,A Certain Distance,2009,5,n,,,
3807853,,Macintosh Plus,,,Floral Shoppe,2011,2,n,,,
142671,,Madvillain,,,Madvillainy,2004,6,n,,,
10412271,Kali,Malone,,,The Sacrificial Code,2019,6,n,,,
4319730,,Maria &amp; The Mirrors,,,Vision Quest,2012,0,w,,CD,
9350708,Dan,Mason,,,Void,2018,5,n,,,
6195457,Dan,Mason ダン·メイソン,,,Miami Virtual,2015,0,w,,MP3,
34518,,Massive Attack,,,100th Window,2003,6,n,,,
2539,,Massive Attack,,,Blue Lines,1991,6,n,,,
479549,,Massive Attack,,,Heligoland,2010,7,n,,,
2542,,Massive Attack,,,Mezzanine,1998,7,n,,,
2540,,Massive Attack,,,Protection,1994,5,n,,,
130199,,Master's Hammer,,,Ritual.,1991,6,w,,CD,
5543434,,maxb24,,,Shawty Wanna Fuck,2009,10,n,,,
140372,Derrick,May,,,Innovator: Soundtrack for the Tenth Planet,1991,7,n,,,
4599,Curtis,Mayfield,,,Superfly,1972,7,n,,,
4151,,Mayhem,,,De mysteriis Dom Sathanas,1994,7,n,,,
4156,,Mayhem,,,Grand Declaration of War,2000,6,n,,,
14364,Jackie,McLean,,,Destination Out!,1964,8,n,,,
27372,Jackie,McLean,,,One Step Beyond,1964,6,n,,,
13659,,Melvins,,,Houdini,1993,7,n,,,
13658,,Melvins,,,Lysol,1992,6,n,,,
6643149,,Mgła,,,Exercises in Futility,2015,6,n,,,
8266824,,MGMT,,,Little Dark Age,2018,0,w,,CD,
1050773,,MGMT,,,Oracular Spectacular,2008,6,n,,,
2710565,,MIA,,,ΛΛ Λ Y Λ,2010,6,n,,,
11643355,The,Microphones,,,Microphones in 2020,2020,8,n,,,
2642,The,Microphones,,,The Glow Pt. 2,2001,6,n,,,
292910,Jeff,Mills,,,Java EP,1996,6,n,,,
514911,Jeff,Mills,,,Live at the Liquid Room - Tokyo,1996,6,n,,,
10510570,Jeff,Mills,,,Sight Sound and Space,2019,8,n,,,
16300048,Jeff,Mills,,,Star Child,2025,7,n,,,
292904,Jeff,Mills,,,The Purpose Maker,1995,6,n,,,
13986,Jeff,Mills,,,Waveform Transmission Vol. 1,1992,8,n,,,
139968,Jeff,Mills,,,Waveform Transmission Vol. 3,1994,8,n,,,
17906,,Mingus,,,The Black Saint and the Sinner Lady,1963,7,n,,,
11221,Charles,Mingus,,,Let My Children Hear Music,1972,8,n,,,
11222,Charles,Mingus,,,Mingus Ah Um,1959,8,n,,,
756,Charlie,Mingus,,,Blues &amp; Roots,1960,6,n,,,
1530168,,Mista D.J. Paul,,,Volume 16: 4 Da Summer of '94,1994,8,n,,,Bonus tracks are boolin
22562,,Mobb Deep,,,The Infamous,1995,7,n,,,
17825,Hank,Mobley,,,Soul Station,1960,6,n,,,
22486,,Model 500,,,Deep Space,1995,6,n,,,
27981,,Monolake,,,Cinemascope,2001,6,n,,,
80912,,Monolake,,,Hongkong,1997,6,n,,,
18119,Wes,Montgomery,,,The Incredible Jazz Guitar of Wes Montgomery,1960,8,n,,,
1659019,,Moodymann,,,Silentintroduction,1997,6,n,,,
226174,,Moonsorrow,,,Verisäkeet,2005,5,n,,,
14679,Lee,Morgan,,,The Cooker,1958,0,w,,LP,
664166,Mark,Morgan,,,Fallout 2,1998,7,n,,,
8241,,Mortiis,,,Født til å herske,1994,5,n,,,
8530,,Mouse on Mars,,,Autoditacker,1997,6,n,,,
14683,,Mr. Fingers,,,Introduction,1992,8,n,,,
104184,,Mr Strictly &amp; PC,,,Blech,1995,7,n,,,
418923,,Murcof,,,Martes,2002,6,n,,,
359995,,Murcof,,,Remembranza,2005,7,n,,,
2855083,,Murmuüre,,,Murmuüre,2010,6,n,,,
572168,,Muslimgauze,,,Mullah Said,1998,6,n,,,
71413,,Muslimgauze,,,Return of Black September,1996,6,n,,,
158042,,Muslimgauze,,,Veiled Sisters,1993,7,n,,,
355,,My Bloody Valentine,,,Loveless,1991,5,n,,,
8409,,My Bloody Valentine,,,You Made Me Realise,1988,6,n,,,
130439,,Naked City,,,凌遲,1992,5,n,,,
10257862,Anthony,Naples,,,Fog FM,2019,6,n,,,
15228779,Anthony,Naples,,,orbs,2023,7,n,,,
11082,,Nas,,,Illmatic,1994,6,n,,,
345366,,Negură Bunget,,,OM,2006,7,n,,,
8258776,,Neo Image,,,Untitled,2017,7,n,,,
4906,,Neurosis,,,Through Silver in Blood,1996,4,n,,,
1245,,Neutral Milk Hotel,,,In the Aeroplane Over the Sea,1998,7,n,,,
308550,,New Order,,,"Power, Corruption &amp; Lies",1983,6,n,,,
410536,,New Philharmonia Orchestra / Cleveland Orchestra / Pierre Boulez,,,Orchestral Works: La mer; Nocturnes; Printemps; Jeux; Images; Prélude à l'après-midi d'un faune,1995,7,n,,,
1711,,Nine Inch Nails,,,The Downward Spiral,1994,7,n,,,
1712,,Nine Inch Nails,,,The Fragile,1999,8,n,,,
125,,Nirvana,,,Bleach,1989,5,n,,,
128,,Nirvana,,,In Utero,1993,6,n,,,
126,,Nirvana,,,Nevermind,1991,7,n,,,
10118220,,Nite Fleit,,,Overcast,2019,6,n,,,
2654298,,N.O.D.,,,Niggaz of Destruction,1996,8,n,,,
640614,,Nokturnal Mortum,,,Голос сталі,2009,7,n,,,
2262316,,Nosaj Thing,,,Drift,2009,6,n,,,
9079,The,Notorious B.I.G.,,,Ready to Die,1994,6,n,,,
12067,The,Notwist,,,Neon Golden,2002,7,n,,,
8035,Gary,Numan,,,The Pleasure Principle,1979,7,n,,,
11249319,Kate,NV,,,Room for the Moon,2020,6,n,,,
6263242,,NxxxxxS,,,Fujita Scale,2014,2,n,,,
58736,,O'Jays,,,Back Stabbers,1972,6,n,,,
14690759,,Olatom Amespïrïa,,,~~~demo1~~~,2022,7,w,,MP3,
489034,,Om,,,Conference of the Birds,2006,4,n,,,
17276,,OMD,,,Dazzle Ships,1983,7,n,,,
3612968,,Oneohtrix Point Never,,,Replica,2011,8,n,,,
1155,,Orbital,,,Orbital [Green Album],1991,6,n,,,
10495,,Orchestral Manoeuvres in the Dark,,,Organisation,1980,6,n,,,
4260945,Michael,Oster,,,Sound of a Dying Hurricane,2012,6,n,,,Nice noise
103806,The,Other People Place,,,Lifestyles of the Laptop Café,2001,7,n,,,
37916,,Oval,,,94 Diskont,1995,8,o,,MP3,
12663,,Oval,,,Ovalcommers,2001,0,w,,CD,
3815615,,Panopticon,,,Kentucky,2012,5,n,,,
156194,,Pan Sonic,,,Kesto (234.48:4),2004,4,n,,,DAMN SON KVLT
768903,,Pantha du Prince,,,This Bliss,2007,6,n,,,
206468,Charlie,Parker,,,Charlie Parker With Strings,1950,5,n,,,
323309,Charlie,Parker,,,Charlie Parker With Strings,1951,7,n,,,
78787,Theo,Parrish,,,First Floor,1998,5,n,,,
5245563,Theo,Parrish,,,Live in Detroit 1999,1999,7,n,,,
156969,Theo,Parrish,,,Parallel Dimensions,2000,6,n,,,
2651,,Pavement,,,Westing (By Musket and Sextant),1993,5,n,,,
335147,,Paysage d'Hiver,,,Paysage d'Hiver,1999,6,n,,,
1532107,Lee,Perry,,,Roast Fish Collie Weed &amp; Corn Bread,1978,8,n,,,
2207402,,Peste Noire,,,Ballade cuntre lo Anemi francor,2009,6,n,,,
3484888,,Peste Noire,,,L'ordure à L'état pur,2011,7,n,,,
5983778,,Peste Noire,,,La Chaise-Dyable,2015,5,n,,,
655932,,Peste Noire,,,La sanie des siècles : Panégyrique de la dégénérescence,2006,6,n,,,
4476791,,Peste Noire,,,Peste noire,2013,6,n,,,
2908,,Pet Shop Boys,,,Actually,1987,7,n,,,
7265195,,pilotredsun,,,Achievement,2016,8,n,,,
976,,Pink Floyd,,,The Dark Side of the Moon,1973,6,n,,,
974,,Pink Floyd,,,Wish You Were Here,1975,5,n,,,
1089,,Pixies,,,Doolittle,1989,6,n,,,
1088,,Pixies,,,Surfer Rosa,1988,5,n,,,
8843,,Plastikman,,,Sheet One,1993,7,n,,,
15600662,,Playboi Carti,,,2024,2023,8,n,,,
15628973,,Playboi Carti,,,BACKR00MS,2024,7,n,,,
9243199,,Playboi Carti,,,Die Lit,2018,5,n,,,
15652072,,Playboi Carti,,,EVILJ0RDAN,2024,7,n,,,
7320795,,Playboi Carti,,,Fetti,2015,7,n,,,
15608581,,Playboi Carti,,,H00DBYAIR,2023,7,n,,,
15745779,,Playboi Carti,,,Ketamine,2024,7,n,,,
8312862,,Playboi Carti,,,Magnolia,2017,7,n,,,
11372248,,Playboi Carti,,,@ Meh,2020,6,n,,,"Pussuhyaninjatashi
Pussuhyaninjatashi
Dimpussuniyayboudashi
Dimpussuniyayboudashi"
8132626,,Playboi Carti,,,wokeuplikethis*,2017,7,n,,,
7700944,,Playboi Carti,,,YUNGXANHOE,2014,7,n,,,
2741729,,Player 1 &amp; Bloody Bones,,,Crime Rate Sky-High,2006,7,n,,,
15032054,Caroline,Polachek,,,"Desire, I Want to Turn Into You",2023,7,n,,,
17688,,Polygon Window,,,Surfing on Sine Waves,1993,7,n,,,
16944,,Popol Vuh,,,In den Gärten Pharaos,1971,6,n,,,
10693715,,Poppy,,,I Disagree,2020,5,n,,,
8236718,,Porter Ricks,,,Anguilla Electrica,2017,7,n,,,
111528,,Porter Ricks,,,Biokinetics,1996,7,n,,,
336690,,Porter Ricks : Techno Animal,,,Symbiotics,1999,6,n,,,
2660,,Portishead,,,Dummy,1994,7,n,,,
2661,,Portishead,,,Portishead,1997,6,n,,,
1263018,,Portishead,,,Third,2008,6,n,,,
256211,,Position Normal,,,Goodly Time,2000,0,w,,,
220450,A,Positive Life,,,Synaesthetic,1994,6,n,,,
57291,,Prefuse 73,,,One Word Extinguisher,2003,6,n,,,
2658,,Prefuse 73,,,Vocal Studies + Uprock Narratives,2001,7,n,,,
7858221,,Prince of Denmark,,,8,2016,7,o,,MP3,
2095,,Prodigy,,,The Fat of the Land,1997,7,n,,,
253978,,Psyche / BFC,,,Elements 1989-1990,1996,8,n,,,
275547,,Quasimoto,,,The Further Adventures of Lord Quas,2005,5,n,,,
20441,Sun,Ra,,,Jazz in Silhouette,1959,7,n,,,
39355,Sun,Ra,,,Lanquidity,1978,7,n,,,
9903,,Rachel's,,,Music for Egon Schiele,1996,6,n,,,
1705,,Radiohead,,,Amnesiac,2001,5,n,,,
1052924,,Radiohead,,,In Rainbows,2007,4,n,,,
46,,Radiohead,,,Kid A,2000,7,n,,,
45,,Radiohead,,,OK Computer,1997,8,n,,,
27682,,Raekwon,,,Only Built 4 Cuban Linx...,1995,5,n,,,
141652,Les,Rallizes Dénudés,,,'77 Live,1991,8,n,,,This is truly one of those albums that march you along with them. There is a flow that brings you into its core atmosphere. A great album to listen to alone while you think or work on something. It brings comfort that is unmet by most sounds. It is something insulating and secure.
10958562,,Recondite,,,Dwell,2020,6,n,,,
4443725,,Red Dog,,,Comin Real Wit It,1995,7,n,,,
7704,,Red House Painters,,,Ocean Beach,1995,7,n,,,
1744,Lou,Reed,,,Transformer,1972,8,n,,,
13083,Steve,Reich and Musicians,,,Music for 18 Musicians,1978,9,n,,,
9405,Steve,Roach,,,Structures From Silence,1984,4,n,,,
7288,Marty,Robbins,,,Gunfighter Ballads and Trail Songs,1959,6,n,,,
8897263,Jay,"Rock, Kendrick Lamar, Future &amp; James Blake",,,King's Dead,2018,8,n,,,
758373,The,Ruins of Beverast,,,Rain Upon the Impure,2006,7,n,,,
205389,The,Ruins of Beverast,,,Unlock the Shrine,2004,6,n,,,
9773359,,Ryanosaurus,,,Tesseract Interface,2018,4,n,,,corn emoji mostly but bobbed my head a little
707955,Omar,S,,,111,2006,5,n,,,
14723631,Omar,S,,,Can't Change,2022,6,n,,,
3606321,Omar,S,,,It Can Be Done But Only I Can Do It,2011,8,n,,,
293357,Omar,S,,,Just Ask the Lonely,2005,5,n,,,
11553071,Omar,S,,,Simply,2020,7,n,,,
4438693,Omar,S,,,Thank You for Letting Me Be Myself,2013,7,n,,,
7234082,Omar,S,,,The Best!,2016,7,n,,,
11062317,Omar,S,,,You Want,2020,9,n,,,
4581696,,Saint Pepsi,,,Hit Vibes,2013,5,n,,,
246942,Riuichi,Sakamoto,,,B-2 Unit,1980,6,n,,,
173863,Ryuichi,Sakamoto,,,千のナイフ,1978,7,n,,,
1992299,,SALEM,,,Water,2008,5,n,,,
1693412,,SALEM,,,Yes I Smoke Crack,2008,2,n,,,
14795,Pharoah,Sanders,,,Karma,1969,8,n,,,
4391663,,Sandwell District,,,Fabric 69,2013,4,n,,,
1553700,Masahiko,"Sato, Peter Warren &amp; Pierre Favre",,,Trinity,1971,7,n,,,
32764,,Scarface,,,The Diary,1994,8,n,,,
7644985,,Secret Stairways,,,Enchantment of the Ring,1997,7,n,,,
19242,,Seefeel,,,Quique,1993,7,n,,,
5819195,Lorenzo,Senni,,,Superimpositions,2014,5,n,,,
3376497,,Shabazz Palaces,,,Black Up,2011,5,n,,,
5474975,,Shabazz Palaces,,,Lese Majesty,2014,6,n,,,
17646,Sonny,Sharrock,,,Ask the Ages,1991,5,n,,,
16968,Wayne,Shorter,,,Juju,1965,6,n,,,
18246,Wayne,Shorter,,,Speak No Evil,1966,7,n,,,
15274672,,Shy Glizzy,,,White Girl,2022,2,n,,,
2115,,Sigur Rós,,,Ágætis byrjun,1999,7,n,,,
19814,Frank,Sinatra,,,Frank Sinatra Sings for Only the Lonely,1958,0,w,,LP,
30417,Frank,Sinatra,,,In the Wee Small Hours,1955,0,w,,LP,
9147599,,Skee Mask,,,Compro,2018,8,n,,,
7320426,,Skepta,,,Konnichiwa,2016,7,n,,,
1851,,Skinny Puppy,,,Bites,1985,6,n,,,
1853,,Skinny Puppy,,,Too Dark Park,1990,5,n,,,
84494,,Sleep,,,Volume One,1991,6,o,,LP,
221499,,Slicker,,,The Latest,2001,6,n,,,
2671,,Slint,,,Spiderland,1991,6,n,,,
8677,,Slowdive,,,Pygmalion,1995,6,n,,,
2711,,Slowdive,,,Souvlaki,1993,8,n,,,
160,,Smashing Pumpkins,,,Siamese Dream,1993,7,n,,,
788121,,Smashing Pumpkins,,,Zeitgeist,2007,5,n,,,
162,The,Smashing Pumpkins,,,Adore,1998,0,w,,CD,
161,The,Smashing Pumpkins,,,Mellon Collie and the Infinite Sadness,1995,0,w,,CD,
44662,Jimmy,Smith,,,Root Down: Jimmy Smith Live!,1972,8,n,,,
25807,Jimmy,Smith,,,The Sermon,1959,8,n,,,
173974,The Incredible Jimmy,Smith,,,Home Cookin',1961,6,n,,,
76734,The Incredible Jimmy,Smith,,,Midnight Special,1961,6,n,,,
64500,The Incredible Jimmy,Smith,,,Organ Grinder Swing,1965,6,n,,,
89265,The Incredible Jimmy,Smith,,,The Cat,1964,8,n,,,
25806,Jimmy,Smith &amp; Wes Montgomery,,,Jimmy &amp; Wes: The Dynamic Duo,1967,8,n,,,
164,The,Smiths,,,The Queen Is Dead,1986,8,n,,,
14102864,,Soft Blade,,,Glimpse,2015,6,n,,,
13474315,,Soft Blade,,,Softic,2021,7,n,,,
1116,,Sonic Youth,,,Sister,1987,6,n,,,
395021,,Soulwax,,,Nite Versions,2005,5,n,,,
4318020,,SpaceGhostPurrp,,,B.M.W.,2012,8,n,,,
10931747,,SpaceGhostPurrp,,,Veneno,2015,0,w,,MP3,
3411001,,SpaceGhostPurrp-Muney Jordan,,,NASA the Mixtape Underground|Rare,2010,7,n,,,
10194,,Sparks,,,№ 1 in Heaven,1979,6,n,,,
1716,,Spiritualized®,,,Ladies and Gentlemen We Are Floating in Space,1997,7,n,,,
3458224,,SPVCXGHXZTPVRRP (SpaceGhostPurrp),,,Blvcklvnd Rvdix 66.6 (1991),2011,9,n,,,
15814,,Squarepusher,,,Feed Me Weird Things,1996,6,n,,,
8135740,Vince,Staples,,,Big Fish Theory,2017,6,n,,,
766532,,Stars of the Lid,,,And Their Refinement of the Decline,2007,5,n,,,
32123,,Stars of the Lid,,,The Tired Sounds Of,2001,6,n,,,
3328429,,Stendeck,,,Scintilla,2011,4,n,,,
5071,,Stereolab,,,Cobra and Phases Group Play Voltage in the Milky Night,1999,7,n,,,
157,,Stereolab,,,Dots and Loops,1997,8,n,,,
281704,Sufjan,Stevens,,,Illinois,2005,5,n,,,
104186,,Strictly &amp; PC,,,Blech 2: Blechsdöttir,1996,8,n,,,
47780,,Sunn O))),,,3: Flight of the Behemoth,2002,7,n,,,
242685,,Sunn O))),,,Black One,2005,7,n,,,
9981717,,Sunn O))),,,Life Metal,2019,6,n,,,
22862,,Sunn O))),,,ØØ Void,2000,6,n,,,
97489,,Sunn O))),,,The Grimmrobe Demos,2000,5,n,,,
80952,,Sunn O))),,,White1,2003,7,n,,,
489810,,Sunn O))) &amp; Boris,,,Altar,2006,8,n,,,
5902526,,Superheaven,,,Jar,2014,6,n,,,
1257911,,Surgeon,,,This Is for You Shits,2007,7,n,,,
446418,John,Surman,,,How Many Clouds Can You See?,1970,6,n,,,
15269,,Swans,,,Soundtracks for the Blind,1996,7,n,,,
125223,,Swans,,,Swans Are Dead,1998,7,n,,,
9777,,Swans,,,The Great Annihilator,1995,8,n,,,
3873725,,Swans,,,The Seer,2012,6,n,,,
5196775,,Swans,,,To Be Kind,2014,6,n,,,
10878,,Swans,,,White Light From the Mouth of Infinity,1991,7,n,,,
51086,,Sweet Trip,,,Halica: Bliss Out v.11,1998,8,n,,,
51085,,Sweet Trip,,,Velocity : Design : Comfort,2003,7,o,,MP3,
2854482,,T++,,,Wireless,2010,6,n,,,
3755124,John,Talabot,,,ƒIN,2012,6,n,,,
1036,,Talking Heads,,,Remain in Light,1980,8,n,,,
2779,,Talk Talk,,,Laughing Stock,1991,7,n,,,
2679,,Talk Talk,,,Spirit of Eden,1988,7,n,,,
8194,,Tangerine Dream,,,Rubycon,1975,8,o,,MP3,
8191,,Tangerine Dream,,,Zeit,1972,7,o,,MP3,
6943054,,Tarzana,,,Alien Wildlife Estate,2015,0,w,,LP,
283599,Art,Tatum,,,The Best of Art Tatum,1987,8,n,,,
120101,The Art,Tatum-Ben Webster Quartet,,,The Art Tatum - Ben Webster Quartet,1958,8,n,,,
5268,,Tears for Fears,,,Songs From the Big Chair,1985,7,n,,,
5267,,Tears for Fears,,,The Hurting,1983,8,n,,,
4414097,,Terekke,,,YYYYYYYYYY,2013,4,n,,,
5196712,Todd,Terje,,,It's Album Time,2014,5,n,,,
17249,,This Heat,,,Deceit,1981,6,n,,,
17248,,This Heat,,,This Heat,1979,5,n,,,
399762,,Three 6 Mafia,,,Most Known Unknown,2005,6,n,,,"Stay Fly is classic

Pussy Got Ya Hooked is a classic 

other than that, this album is really hit and miss."
159354,,Three 6 Mafia,,,"When the Smoke Clears: Sixty 6, Sixty 1",2000,8,n,,,
188620,,Three-6 Mafia,,,Mystic Stylez,1995,8,n,,,real
461773,,Thy Catafalque,,,Microcosmos,2001,5,n,,,
1967262,,Thy Catafalque,,,Róka Hasa Rádió,2009,7,n,,,
24119,Amon,Tobin,,,Out From Out Where,2002,5,n,,,
31784,,Too $hort,,,Life Is... Too Short,1989,6,n,,,
10555271,,Topdown Dialectic,,,Vol. 2,2019,6,n,,,
850,,Tortoise,,,Millions Now Living Will Never Die,1996,6,n,,,
224896,,Transllusion,,,Opening of the Cerebral Gate,2001,7,n,,,
12216519,,Trhä,,,Novej kalhnjënno,2020,8,n,,,
7406,A,Tribe Called Quest,,,The Low End Theory,1991,5,n,,,
1517700,,Triple Six Mafia,,,Smoked Out Loced Out,1994,7,n,,,
288925,,Triple Six Mafia,,,Underground Vol. 1: 1991-1994,1999,8,n,,,
13056875,,Trippie Redd &amp; Playboi Carti,,,Miss the Rage,2021,5,n,,,
1864707,Erik,Truffaz &amp; Murcof,,,Mexico,2008,7,n,,,
4561469,,Tuning Circuits,,,No Compassion,1990,6,n,,,
119913,Stanley,Turrentine With The 3 Sounds,,,Blue Hour,1961,6,n,,,
878054,The,Tuss,,,Rushup Edge,2007,6,n,,,
45231,,Twista,,,Adrenaline Rush,1997,0,w,,CD,
132903,,Twista,,,Kamikaze,2004,0,w,,CD,
17376,McCoy,Tyner,,,The Real McCoy,1967,6,n,,,
6201863,,Tzusing,,,A Name Out of Place Pt. II,2015,5,n,,,
8054687,,Tzusing,,,東方不敗,2017,5,n,,,
30988,,UGK,,,Ridin' Dirty,1996,8,n,,,
5490,,Ultravox,,,Vienna,1980,7,n,,,
22375,,Ulver,,,Bergtatt: Et eeventyr i 5 capitler,1995,6,n,,,
195973,,Underground Kings,,,Super Tight...,1994,7,n,,,
3720,,Underworld,,,Beaucoup Fish,1999,6,n,,,
3719,,Underworld,,,Dubnobasswithmyheadman,1994,8,n,,,
3718,,Underworld,,,Second Toughest in the Infants,1996,7,n,,,
37285,,Unwound,,,Fake Train,1993,7,n,,,
16779,,Unwound,,,Leaves Turn Inside You,2001,5,n,,,
18544,,Unwound,,,New Plastic Ideas,1994,6,n,,,
37286,,Unwound,,,The Future of What,1995,6,n,,,
314184,,Unwound,,,Unwound,1995,4,n,,,
243841,The,Upsetters,,,Return of the Super Ape,1978,8,n,,,
40375,The,Upsetters,,,Super Ape,1976,8,n,,,
1958477,,Vainqueur,,,Reduce 2 / Reduce 1,1996,5,n,,,
104174,,Various Artists,,,Artificial Intelligence II,1994,7,n,,,
1080395,,Various Artists,,,Bigtyme Vol I: Still Afloat,1994,8,n,,,
3574600,,Various Artists,,,Symphonies of the Planets 1-5: NASA Voyager Recordings,1992,8,n,,,
614772,,Various Artists,,,Symphonies of the Planets 1: NASA Voyager Recordings,1992,8,n,,,
338244,,Various Artists,,,The Fire This Time,2002,0,w,,CD,
173,The,Velvet Underground &amp; Nico,,,The Velvet Underground &amp; Nico,1967,8,n,,,
242672,,Venetian Snares,,,Rossz csillag alatt született,2005,7,n,,,
923022,,Violent Femmes,,,Violent Femmes,1983,6,n,,,
4546343,,Viper,,,You'll Cowards Don't Even Smoke Crack,2008,2,n,,,
4064814,,Vladislav Delay,,,Kuopio,2012,5,n,,,
3854578,,Voices From the Lake,,,Voices From the Lake,2012,8,n,,,
8543542,,Vril,,,Anima Mundi,2017,5,o,,MP3,corny in a lot of places
3072498,,Waka Flocka Flame,,,Flockaveli,2010,4,n,,,
2991705,,Waka Flocka Flame,,,Hard in da Paint,2010,5,n,,,
868553,,Walknut,,,Graveforests and Their Shadows,2007,8,n,,,
3688296,Chris,Watson,,,El tren fantasma,2011,0,w,,CD,
190035,Chris,Watson,,,Stepping Into the Dark,1996,5,n,,,
100544,,Weakling,,,Dead as Dreams,2000,8,n,,,
27087,The Ben,Webster Quintet,,,Soulville,1958,7,n,,,
11134874,The,Weeknd,,,After Hours,2020,7,n,,,
15714148,The,"Weeknd, Madonna &amp; Playboi Carti",,,Popular,2024,5,n,,,
53859,,Ween,,,Quebec,2003,7,n,,,
3050748,Kanye,West,,,My Beautiful Dark Twisted Fantasy,2010,6,n,,,
14751,Barry,White,,,Stone Gon',1973,6,n,,,
482619,Keith Fullerton,Whitman,,,Lisbon,2006,7,o,,MP3,
1076200,,WHY?,,,Alopecia,2008,4,n,,,
7227898,Jana,Winderen,,,The Wanderer,2016,8,n,,,
54341,,Windir,,,Arntor,1999,4,n,,,
760019,,Windy &amp; Carl,,,Drawing of Sound,1996,5,n,,,
1432,,Wire,,,154,1979,5,n,,,
1431,,Wire,,,Chairs Missing,1978,6,n,,,
1430,,Wire,,,Pink Flag,1977,5,n,,,
170602,David,Wise / Eveline Fischer,,,DK Jamz: The Original Donkey Kong Country Soundtrack,1995,7,n,,,
4659,Stevie,Wonder,,,Talking Book,1972,8,n,,,
59906,,Wongraven,,,Fjelltronen,1995,6,n,,,
1530403,Tommy,Wright III,,,"Ashes 2 Ashes, Dust 2 Dust",1994,9,n,,,
256025,Tommy,Wright III,,,On the Run,1996,6,n,,,
4029336,Tommy,Wright III,,,Runnin-n-Gunnin,1995,5,n,,,
11014,,Wu-Tang Clan,,,Enter the Wu-Tang (36 Chambers),1993,8,n,,,
10143,Robert,Wyatt,,,Rock Bottom,1974,5,n,,,
10145,Robert,Wyatt,,,The End of an Ear,1970,5,n,,,
1543740,,Yagya,,,Rigning,2009,9,n,,,
11059010,,Yagya,,,昔の夢と思ひ出を,2020,5,n,,,
34222,,Yellow Magic Orchestra,,,Solid State Survivor,1979,8,n,,,
18874,,Yellow Magic Orchestra,,,Yellow Magic Orchestra,1979,7,n,,,
18877,,YMO,,,Technodelic,1981,8,n,,,
719341,Susumu,Yokota,,,Acid Mt.Fuji,1994,5,n,,,
2700,,Yo La Tengo,,,And Then Nothing Turned Itself Inside-Out,2000,6,n,,,
300,,Yo La Tengo,,,I Can Hear the Heart Beating as One,1997,8,n,,,
30803,Larry,Young,,,Lawrence of Newark,1973,5,n,,,
8846,,µ-Ziq,,,Tango N' Vectif,1993,6,n,,,
6256982,,АЛ-90,,,КОД-915913,2015,6,n,,,
12845545,,Леший,,Leshiy,Поганые сны,2021,8,n,,,
9837203,,Путь,,Put,Песни смерти,2018,0,w,,MP3,
4441179,,うさぎのへいたいは待機。,,Usagi no Heitai wa Taiki.,架空的すみやか,2012,5,n,,,
353561,,三宅優,Yuu,Miyake,塊魂「塊フォルテッシモ魂」,2004,7,n,,,
282765,,佐藤允彦とサウンド・ブレイカーズ,,,Amalgamation 恍惚の昭和元禄,1971,6,n,,,
1448082,,古代祐三,Yuzo,Koshiro,ベア・ナックルII,1993,6,n,,,
4610092,,吉村弘,Hiroshi,Yoshimura,Flora 1987,2006,6,n,,,
3728443,,吉村弘,Hiroshi,Yoshimura,Green,1986,6,n,,,
4449298,,吉村弘,Hiroshi,Yoshimura,Soundscape 1: Surround,1986,7,n,,,
4194375,,吉村弘,Hiroshi,Yoshimura,Wave Notation 1: Music for Nine Post Cards,1982,6,n,,,
8549640,,吉村弘,Hiroshi,Yoshimura,Wet Land,1993,6,n,,,
10950,,坂本龍一,,,左うでの夢,1981,7,n,,,
10385,,坂本龍一,,,音楽図鑑,1984,7,n,,,
7894165,,寺田創一,Soichi,Terada,Sumo Jungle,1996,8,n,,,
9887384,,小久保隆,Takashi,Kokubo,風のオアシス～イオンの森～,1992,6,n,,,
633682,,山本健誌 &amp; 久馬浩一 / 濱野美奈子 &amp; 藤原玲,,,Metroid Prime &amp; Fusion,2003,6,n,,,
293540,,田中宏和 &amp; 鈴木慶一,Hirokazu,Tanaka &amp; Keiichi Suzuki,Mother 2: ギーグの逆襲,1994,8,n,,,
4818053,,青葉市子,Ichiko,Aoba,0,2013,7,n,,,
12198042,,青葉市子,Ichiko,Aoba,アダンの風,2020,7,n,,,
2696889,,高中正義,Masayoshi,Takanaka,Seychelles,1976,0,w,,LP,
